{"stats":{"minecraft:picked_up":{"biomesoplenty:toadstool":1},"minecraft:custom":{"minecraft:jump":209,"minecraft:time_since_rest":15358,"minecraft:leave_game":1,"minecraft:play_time":15358,"minecraft:sprint_one_cm":21142,"minecraft:damage_taken":140,"minecraft:time_since_death":15358,"minecraft:walk_one_cm":18245,"minecraft:sneak_time":84,"minecraft:total_world_time":15893,"minecraft:fall_one_cm":6599,"minecraft:fly_one_cm":41393},"minecraft:mined":{"minecraft:grass":3,"biomesoplenty:sprout":2,"biomesoplenty:toadstool":1}},"DataVersion":3465}