{"stats":{"minecraft:used":{"minecraft:dirt":5},"minecraft:picked_up":{"biomesoplenty:toadstool":1,"minecraft:dirt":5},"minecraft:custom":{"minecraft:jump":350,"minecraft:time_since_rest":3375,"minecraft:deaths":1,"minecraft:crouch_one_cm":207,"minecraft:leave_game":2,"minecraft:play_time":24845,"minecraft:sprint_one_cm":33388,"minecraft:damage_taken":280,"minecraft:time_since_death":4429,"minecraft:walk_one_cm":30881,"minecraft:sneak_time":228,"minecraft:total_world_time":25380,"minecraft:fall_one_cm":11019,"minecraft:fly_one_cm":61560,"minecraft:walk_on_water_one_cm":420},"minecraft:mined":{"minecraft:grass":5,"minecraft:grass_block":2,"biomesoplenty:sprout":3,"minecraft:dirt":3,"biomesoplenty:toadstool":1}},"DataVersion":3465}